,nav
2023-08-10,1.0
2023-08-11,1.0
2023-08-14,1.0
2023-08-15,1.0
2023-08-16,1.0
2023-08-17,1.0
2023-08-18,1.0
2023-08-21,1.0
2023-08-22,1.0
2023-08-23,1.0
2023-08-24,1.0
2023-08-25,1.0
2023-08-28,1.0
2023-08-29,1.0
2023-08-30,1.0
2023-08-31,1.0
2023-09-01,1.0
2023-09-04,1.0
2023-09-05,1.0
2023-09-06,1.0
2023-09-07,1.0
2023-09-08,1.0
2023-09-11,1.0
2023-09-12,1.0
2023-09-13,1.0
2023-09-14,1.0
2023-09-15,1.0
2023-09-18,1.0
2023-09-19,1.0
2023-09-20,1.0
2023-09-21,1.0
2023-09-22,1.0
2023-09-25,1.0
2023-09-26,1.0
2023-09-27,1.0
2023-09-28,1.0
2023-10-09,1.0
2023-10-10,1.0
2023-10-11,1.0
2023-10-12,1.0
2023-10-13,1.0
2023-10-16,1.0
2023-10-17,1.0
2023-10-18,1.0
2023-10-19,1.0
2023-10-20,1.0
2023-10-23,1.0
2023-10-24,1.0
2023-10-25,1.0
2023-10-26,1.0
2023-10-27,1.0
2023-10-30,1.0
2023-10-31,1.0
2023-11-01,1.0
2023-11-02,1.0
2023-11-03,1.0
2023-11-06,1.0
2023-11-07,1.0
2023-11-08,1.0
2023-11-09,1.0
2023-11-10,1.0
2023-11-13,1.0
2023-11-14,1.0
2023-11-15,1.0
2023-11-16,1.0
2023-11-17,1.0
2023-11-20,1.0
2023-11-21,1.0
2023-11-22,1.0
2023-11-23,1.0
2023-11-24,1.0
2023-11-27,1.0
2023-11-28,1.0
2023-11-29,1.0
2023-11-30,1.0
2023-12-01,1.0
2023-12-04,1.0
2023-12-05,1.0
2023-12-06,1.0
2023-12-07,1.0
2023-12-08,1.0
2023-12-11,1.0
2023-12-12,1.0
2023-12-13,1.0
2023-12-14,1.0
2023-12-15,0.9940866349955311
2023-12-18,0.9933971691394528
2023-12-19,0.9922397175968004
2023-12-20,0.9946371492031155
2023-12-21,0.9901764751896612
2023-12-22,0.9927522846154986
2023-12-25,0.992767312650008
2023-12-26,0.9914401648335482
2023-12-27,0.9952092271884557
2023-12-28,0.9921770783625842
2023-12-29,0.992054032308485
2024-01-02,1.0028636784265161
2024-01-03,1.0073672336507125
2024-01-04,1.0102430736001382
2024-01-05,1.011487359403037
2024-01-08,1.0056155379356426
2024-01-09,1.0090943200492595
2024-01-10,1.0059917713194204
2024-01-11,1.0014591153503005
2024-01-12,1.0049931138392942
2024-01-15,1.0117975956879282
2024-01-16,1.0126961638408172
2024-01-17,1.000856634419995
2024-01-18,0.9953192305018104
2024-01-19,0.9953050606240476
2024-01-22,0.9825026764585589
2024-01-23,0.9858152087310443
2024-01-24,0.9973885757937627
2024-01-25,1.0077541159876982
2024-01-26,1.0185224726689455
2024-01-29,1.0210490587195968
2024-01-30,1.016204939386237
2024-01-31,1.0167398622170727
2024-02-01,1.0115418056617684
2024-02-02,1.0166757112362108
2024-02-05,1.0130555063232982
2024-02-06,1.0200290051646663
2024-02-07,1.028963068931205
2024-02-08,1.0296701633822967
2024-02-19,1.0405274385615173
2024-02-20,1.0481237579924692
2024-02-21,1.04684926990879
2024-02-22,1.0553756024293006
2024-02-23,1.0546057987181707
2024-02-26,1.0293262211341034
2024-02-27,1.0334963036616398
2024-02-28,1.0316067343273685
2024-02-29,1.0354968457617317
2024-03-01,1.035110554384799
2024-03-04,1.0347129462740114
2024-03-05,1.048957857674064
2024-03-06,1.0428275716291144
2024-03-07,1.047762955362474
2024-03-08,1.0496728169678402
2024-03-11,1.0439558460458214
2024-03-12,1.0281808045471577
2024-03-13,1.0198410225291514
2024-03-14,1.0208907533237026
2024-03-15,1.0225772593374833
2024-03-18,1.01974694129633
2024-03-19,1.0145274887529279
2024-03-20,1.0204322955236227
2024-03-21,1.0237663158546175
2024-03-22,1.0066233909077207
2024-03-25,1.0126945396080673
2024-03-26,1.0187011302156737
2024-03-27,1.0133722258570228
2024-03-28,1.0169372847977594
2024-03-29,1.0331289509946593
2024-04-01,1.04878056558856
2024-04-02,1.053739981231351
2024-04-03,1.0690890747931292
2024-04-08,1.0708531532740295
2024-04-09,1.0695911063725592
2024-04-10,1.0734064401497425
2024-04-11,1.0715122916966529
2024-04-12,1.0731093220872252
2024-04-15,1.0837356258716864
2024-04-16,1.0606755494807738
2024-04-17,1.0809206283876072
2024-04-18,1.092755644503279
2024-04-19,1.0884352868770253
2024-04-22,1.0721512767541435
2024-04-23,1.0475184563634181
2024-04-24,1.0478373117167419
2024-04-25,1.0559771773202562
2024-04-26,1.0524027978682007
2024-04-29,1.053920134501469
2024-04-30,1.0538373630406308
2024-05-06,1.0517925250003481
2024-05-07,1.0524787329770726
2024-05-08,1.0518412651298468
2024-05-09,1.051980720838672
2024-05-10,1.0709488157150266
2024-05-13,1.0707812448864578
2024-05-14,1.0659176056456503
2024-05-15,1.0693500881977962
2024-05-16,1.0835328059210303
2024-05-17,1.0910671162355052
2024-05-20,1.100497583911226
2024-05-21,1.0997772509972308
2024-05-22,1.1020231323642364
2024-05-23,1.0866302517999487
2024-05-24,1.0767580386549838
2024-05-27,1.0846273715739172
2024-05-28,1.082533451925032
2024-05-29,1.0991247582309336
2024-05-30,1.0791715565477011
2024-05-31,1.0784887800066316
2024-06-03,1.063560149404795
2024-06-04,1.073836249340751
2024-06-05,1.0584905725412774
2024-06-06,1.0723811619693977
2024-06-07,1.0739279510521422
2024-06-11,1.0468016687259902
2024-06-12,1.0533590772268153
2024-06-13,1.0449460617304838
2024-06-14,1.0464742367721105
2024-06-17,1.0408233723159754
2024-06-18,1.044750112007868
2024-06-19,1.049127279299539
2024-06-20,1.0495971813760498
2024-06-21,1.0487901430817856
2024-06-24,1.0313655447266044
2024-06-25,1.0316760946357526
2024-06-26,1.0335846020815966
2024-06-27,1.0356516954177404
2024-06-28,1.0434489151608826
2024-07-01,1.0494978722369712
2024-07-02,1.0568476448553112
2024-07-03,1.0567877674402626
2024-07-04,1.0602204501602985
2024-07-05,1.0508233873674184
2024-07-08,1.0549616370110597
2024-07-09,1.0568817592696884
2024-07-10,1.0640936890577044
2024-07-11,1.061627088436126
2024-07-12,1.07395278585531
2024-07-15,1.080582876051451
2024-07-16,1.085374362755874
2024-07-17,1.0961970499836076
2024-07-18,1.0951222299114223
2024-07-19,1.078599841662701
2024-07-22,1.0712710179380518
2024-07-23,1.0731279290159563
2024-07-24,1.0796268364183763
2024-07-25,1.0613283378281864
2024-07-26,1.0547394255099831
2024-07-29,1.0556422106064962
2024-07-30,1.0598645244992657
2024-07-31,1.0800866818639612
2024-08-01,1.0838249431257985
2024-08-02,1.0649817888615158
2024-08-05,1.0348078852879776
2024-08-06,1.0343534616248888
2024-08-07,1.0300105031802447
2024-08-08,1.034219129068859
2024-08-09,1.0366953121392517
2024-08-12,1.0305863537882227
2024-08-13,1.0375242325290193
2024-08-14,1.0304143365405223
2024-08-15,1.0407698294575798
2024-08-16,1.0453736309773458
2024-08-19,1.0535094703428105
2024-08-20,1.0455369442445837
2024-08-21,1.0392751073110904
2024-08-22,1.0363139341777299
2024-08-23,1.035931443689907
2024-08-26,1.0368541422609217
2024-08-27,1.037992976377446
2024-08-28,1.0338947348794187
2024-08-29,1.0185339322222198
2024-08-30,1.006912264837267
2024-09-02,1.0041058195401444
2024-09-03,0.9963911112950102
2024-09-04,0.991332747975951
2024-09-05,0.9942473628431484
2024-09-06,0.9967795455857243
2024-09-09,0.9852305056100842
2024-09-10,0.9906152142879404
2024-09-11,0.9822382650866402
2024-09-12,0.9844959645639058
2024-09-13,0.9893058948026553
2024-09-18,0.9946351937337784
2024-09-19,0.995961565409903
2024-09-20,1.004155692124982
2024-09-23,1.0153226223125253
2024-09-24,1.0352769046260135
2024-09-25,1.0485479563918496
2024-09-26,1.0809814160754199
2024-09-27,1.1201731624991529
2024-09-30,1.1746130973863647
2024-10-08,1.2316776016749018
2024-10-09,1.2069771183098887
2024-10-10,1.1755419689987336
2024-10-11,1.183502422153065
2024-10-14,1.1912316662732672
2024-10-15,1.1740439605258617
2024-10-16,1.1843438861869773
2024-10-17,1.1837174032549795
2024-10-18,1.2318088315598468
2024-10-21,1.2221683236402685
2024-10-22,1.2279258563819297
2024-10-23,1.2283264045104954
2024-10-24,1.2217293888897494
2024-10-25,1.2250603553313113
2024-10-28,1.229232948944302
2024-10-29,1.227051159896259
2024-10-30,1.232496955266384
2024-10-31,1.2477844821586228
2024-11-01,1.2555125444521877
2024-11-04,1.2610486627584216
2024-11-05,1.2725163363928003
2024-11-06,1.2614440997803325
2024-11-07,1.2887292542896778
2024-11-08,1.275679832567785
2024-11-11,1.2626304108459354
2024-11-12,1.2547216704084523
2024-11-13,1.2626304108459354
2024-11-14,1.2523490482772028
2024-11-15,1.2535353593428058
2024-11-18,1.2725163363928003
2024-11-19,1.268957403195948
2024-11-20,1.2713300253271975
2024-11-21,1.2725163363928005
2024-11-22,1.2424631227303382
2024-11-25,1.2448357448615874
2024-11-26,1.2491855521022184
2024-11-27,1.2610486627584216
2024-11-28,1.2598623516928185
2024-11-29,1.2657939070209199
2024-12-02,1.2749158736054507
2024-12-03,1.266225077468928
2024-12-04,1.2597628707180804
2024-12-05,1.2663987448525023
2024-12-06,1.2816001900577527
2024-12-09,1.2646650364717014
2024-12-10,1.27717283950414
2024-12-11,1.2769023956060583
2024-12-12,1.2893296881563137
2024-12-13,1.2599383976307095
2024-12-16,1.238654749136555
2024-12-17,1.233366434879379
2024-12-18,1.2512907346847641
2024-12-19,1.261107881291825
2024-12-20,1.2847993338669068
2024-12-23,1.2657977336753807
2024-12-24,1.2867787459706126
2024-12-25,1.2812959099101495
2024-12-26,1.2951223022362006
2024-12-27,1.2926869076348662
2024-12-30,1.2996931397230513
2024-12-31,1.2410058200877665
2025-01-02,1.1793902117315163
2025-01-03,1.1499370931538941
2025-01-06,1.1461988604903155
2025-01-07,1.1783278732809053
2025-01-08,1.171835708689826
2025-01-09,1.1714587314468574
2025-01-10,1.158098594089385
2025-01-13,1.1573711551340162
2025-01-14,1.2057979791727214
2025-01-15,1.1980952590316276
2025-01-16,1.1867266388851896
2025-01-17,1.2016264986032148
2025-01-20,1.2037781696011078
2025-01-21,1.2143118657256997
2025-01-22,1.2098232621663332
2025-01-23,1.2037424956546519
2025-01-24,1.2168200038994186
2025-01-27,1.184793568183605
2025-02-05,1.2009498441133815
2025-02-06,1.236291278977934
2025-02-07,1.2328997584881136
2025-02-10,1.2407011580898453
2025-02-11,1.2386523522011563
2025-02-12,1.2638227984779156
2025-02-13,1.2450801258852333
2025-02-14,1.2473957999590675
2025-02-17,1.254377850109911
2025-02-18,1.248217646481317
2025-02-19,1.2727674591991154
2025-02-20,1.2702977658935335
2025-02-21,1.2939465846038116
2025-02-24,1.2905633992985177
2025-02-25,1.282979614215359
2025-02-26,1.2976173669372186
2025-02-27,1.3020794922036287
2025-02-28,1.2667195095746664
2025-03-03,1.2574334623655075
2025-03-04,1.2742670038973563
2025-03-05,1.2874008585594288
2025-03-06,1.3015345316062
2025-03-07,1.2925429286244645
2025-03-10,1.2917769099611518
2025-03-11,1.281681759501944
2025-03-12,1.2819931300675924
2025-03-13,1.2673350694494097
2025-03-14,1.2883141519968888
2025-03-17,1.287392839799897
2025-03-18,1.297026422948637
2025-03-19,1.29529795347662
2025-03-20,1.2901228223324015
2025-03-21,1.2701231065391265
2025-03-24,1.2743317485842027
2025-03-25,1.2612167847740705
2025-03-26,1.2641077594354337
2025-03-27,1.2726569940187449
2025-03-28,1.2736205029317966
2025-03-31,1.282856963627871
2025-04-01,1.28789207494759
2025-04-02,1.2831293385995421
2025-04-03,1.2850932641894077
2025-04-07,1.2035169897894031
2025-04-08,1.207758637480547
2025-04-09,1.205742898366363
2025-04-10,1.218173237524794
2025-04-11,1.2121585572868205
2025-04-14,1.2233859603976738
2025-04-15,1.2294006406356053
2025-04-16,1.2358162995561048
2025-04-17,1.233009448778381
2025-04-18,1.233811406143433
2025-04-21,1.2298016193181314
2025-04-22,1.2338114061434333
2025-04-23,1.2273957472229757
2025-04-24,1.2326084700958555
2025-04-25,1.2314055340482777
2025-04-28,1.2326084700958555
2025-04-29,1.2277967259055018
2025-04-30,1.2181732375247944
2025-05-06,1.2149654080645447
2025-05-07,1.2225840030326223
2025-05-08,1.2241879177627262
2025-05-09,1.2310045553657096
2025-05-12,1.2362172782386311
2025-05-13,1.235472193957643
2025-05-14,1.24021306247508
2025-05-15,1.2147179247190352
2025-05-16,1.2164016583617978
2025-05-19,1.2158943863069047
2025-05-20,1.2161075048288899
2025-05-21,1.2335388585279947
2025-05-22,1.2340424461057242
2025-05-23,1.2283125991329333
2025-05-26,1.221135349101519
2025-05-27,1.219139085829046
2025-05-28,1.2229999373322509
2025-05-29,1.2187582745204484
2025-05-30,1.2161119201674917
2025-06-03,1.2185589715415102
2025-06-04,1.2203680757307547
2025-06-05,1.2228268513057372
2025-06-06,1.2206968680276111
2025-06-09,1.2115912318539597
2025-06-10,1.2066123402785531
2025-06-11,1.2092420341422538
2025-06-12,1.2135663295010184
2025-06-13,1.2177862799597678
2025-06-16,1.222191792513817
2025-06-17,1.2168438085703146
2025-06-18,1.222011215060754
2025-06-19,1.2178153217632994
2025-06-20,1.2246898482931055
2025-06-23,1.232710965380134
2025-06-24,1.227284248143556
2025-06-25,1.235774806220641
2025-06-26,1.2438740224236553
2025-06-27,1.218265954314581
2025-06-30,1.2184565347654643
2025-07-01,1.2344486426768335
2025-07-02,1.2359057415174024
2025-07-03,1.240267573121045
2025-07-04,1.2478902181384661
2025-07-07,1.2480449271232614
2025-07-08,1.2489826129993522
2025-07-09,1.2452294438380775
2025-07-10,1.2580607684029255
2025-07-11,1.255125082356634
2025-07-14,1.2627585678515079
2025-07-15,1.2488738587991566
2025-07-16,1.244438413980154
2025-07-17,1.2444750297563056
2025-07-18,1.262862537661844
2025-07-21,1.2787733111231225
2025-07-22,1.284489079922935
2025-07-23,1.2856280379724985
2025-07-24,1.297179825330932
2025-07-25,1.296424773046106
2025-07-28,1.29491613471149
2025-07-29,1.2851195818329928
2025-07-30,1.2848846586819227
2025-07-31,1.2591416041319865
2025-08-01,1.260292382854071
2025-08-04,1.2747974202638845
2025-08-05,1.2870148106552504
2025-08-06,1.2934832791226551
2025-08-07,1.3051550696242051
2025-08-08,1.3103192960834882
2025-08-11,1.322451819135486
2025-08-12,1.3211891890152507
2025-08-13,1.3460545199764533
2025-08-14,1.3336252755427687
2025-08-15,1.3538911498279602
2025-08-18,1.3622813217569514
2025-08-19,1.3528875913548795
2025-08-20,1.3625063358039966
2025-08-21,1.3635798833360802
2025-08-22,1.3775134026504086
2025-08-25,1.4310964456368498
2025-08-26,1.4125906927645624
2025-08-27,1.393078390229736
2025-08-28,1.4095249216836632
2025-08-29,1.4397507987953333
2025-09-01,1.4811208331116548
2025-09-02,1.4630315247593855
2025-09-03,1.4513040738895817
2025-09-04,1.3989871063432222
2025-09-05,1.4499690840170174
2025-09-08,1.4766260260717803
2025-09-09,1.4617531610765577
2025-09-10,1.4644805939876715
2025-09-11,1.5208028492368242
2025-09-12,1.5539390043731527
2025-09-15,1.552462425456049
2025-09-16,1.5496929182867114
2025-09-17,1.562958901194543
2025-09-18,1.5451497412840691
2025-09-19,1.545966108364517
2025-09-22,1.582339331269994
2025-09-23,1.5776460615710253
2025-09-24,1.6291503558091645
2025-09-25,1.646993090931866
2025-09-26,1.6342046689216223
2025-09-29,1.6769267789387308
2025-09-30,1.7270167996083294
2025-10-09,1.8268967757955221
2025-10-10,1.7391956808398403
2025-10-13,1.7916647327667612
2025-10-14,1.706253337166499
2025-10-15,1.726920540286751
2025-10-16,1.7024865918695054
2025-10-17,1.6510107874197097
2025-10-20,1.6454495175988946
2025-10-21,1.6813944999342294
2025-10-22,1.6669214813134707
2025-10-23,1.6696896140931985
2025-10-24,1.7260639277771241
2025-10-27,1.7677762533862564
2025-10-28,1.7319463221084186
2025-10-29,1.7742424659792333
2025-10-30,1.7643331709034402
2025-10-31,1.7126331496029965
2025-11-03,1.6927592557118967
2025-11-04,1.657829651600745
2025-11-05,1.6543835328803251
2025-11-06,1.7135971515363353
2025-11-07,1.7075560354521842
2025-11-10,1.706810935154659
2025-11-11,1.680984108413636
2025-11-12,1.67735502312461
2025-11-13,1.7266592543427288
2025-11-14,1.6822555719069152
2025-11-17,1.6761519335900128
2025-11-18,1.6610979650815767
2025-11-19,1.6768690863545963
2025-11-20,1.6616412095953321
2025-11-21,1.5834218100145072
2025-11-24,1.584251522171866
2025-11-25,1.6099802798998577
2025-11-26,1.6231278545686765
2025-11-27,1.6276543558382757
2025-11-28,1.6507205029213592
2025-12-01,1.690741489790703
2025-12-02,1.666765764541187
2025-12-03,1.6648979199234968
2025-12-04,1.6840051104104645
2025-12-05,1.7026976690054294
2025-12-08,1.7300631983423953
2025-12-09,1.6983231094395486
2025-12-10,1.7082600285317666
2025-12-11,1.6883040911212623
2025-12-12,1.7123782833705432
2025-12-15,1.7162321964806466
2025-12-16,1.6828623496080382
2025-12-17,1.7191195966478436
2025-12-18,1.7201764573679186
2025-12-19,1.7371293902383342
2025-12-22,1.7717416485914659
2025-12-23,1.7900608160887794
2025-12-24,1.7956043132866404
2025-12-25,1.7808399056095403
2025-12-26,1.8196013176820511
2025-12-29,1.7969889992961965
2025-12-30,1.7920517093289388
2025-12-31,1.7941034949712915
2026-01-05,1.8364205795224466
2026-01-06,1.881761749537093
2026-01-07,1.8822919249638523
2026-01-08,1.862641517670659
2026-01-09,1.8978636098075843
2026-01-12,1.9278602889898473
2026-01-13,1.9395613989444909
2026-01-14,1.9550125926500797
2026-01-15,1.9967521700283104
2026-01-16,2.0148109039454143
2026-01-19,2.01100209302498
2026-01-20,2.007112421643117
2026-01-21,2.0770034352082414
2026-01-22,2.062624746020169
2026-01-23,2.0906981584350373
2026-01-26,2.1218018284116194
2026-01-27,2.1404343676955366
2026-01-28,2.22342866952484
2026-01-29,2.199375343563635
2026-01-30,2.1019256041785823
2026-02-02,1.9396601717257504
2026-02-03,2.0203904558227572
2026-02-04,2.001269594408495
2026-02-05,1.9422800946306138
2026-02-06,1.9378111645356333
2026-02-09,1.9898466480195114
2026-02-10,1.9929259319999524
2026-02-11,2.009045455187767
2026-02-12,2.037467378866753
2026-02-13,1.986156999294798
2026-02-24,2.0511903806353695
2026-02-25,2.088866104088818
2026-02-26,2.079825790936295
2026-02-27,2.114593532646094
2026-03-02,2.2054466664042343
2026-03-03,2.1293677000539057
2026-03-04,2.0957453107798854
2026-03-05,2.0840110937143344
2026-03-06,2.05363816809687
2026-03-09,2.0446722277603344
2026-03-10,2.05858194417413
2026-03-11,2.0600398311544947
2026-03-12,2.0487749125615227
2026-03-13,2.007327295104859
2026-03-16,1.9620402127161944
2026-03-17,1.9470868339312433
2026-03-18,1.93607814761316
2026-03-19,1.8306572925842772
2026-03-20,1.8011993155253947
2026-03-23,1.655927535154268
2026-03-24,1.692835604300006
2026-03-25,1.7163116133872316
2026-03-26,1.7049665927976227
2026-03-27,1.7300270210274349
2026-03-30,1.7525080741577983
2026-03-31,1.7288491601294778
2026-04-01,1.7449346666795869
2026-04-02,1.7344387757025066
2026-04-03,1.7145477567613343
2026-04-07,1.7268803559454267
2026-04-08,1.7816615172645662
2026-04-09,1.7707942624943827
2026-04-10,1.7695010663165798
2026-04-13,1.77087575639296
2026-04-14,1.7877734258241906
2026-04-15,1.779096749508995
2026-04-16,1.8080990413780154
2026-04-17,1.7996034303538175
2026-04-20,1.8065434873719795
2026-04-21,1.8181613928265208
2026-04-22,1.8188581115978841
2026-04-23,1.8061904943965763
2026-04-24,1.8185171298615002
2026-04-27,1.8594221610192254
2026-04-28,1.8630212252485965
2026-04-29,1.8675739225635741
2026-04-30,1.9117266965565234
2026-05-06,1.9622291079129974
2026-05-07,1.960429852000823
2026-05-08,1.933496693378545
2026-05-11,1.9930500756384164
2026-05-12,1.9946743938312113
2026-05-13,2.021721887368551
2026-05-14,1.9933922934442387
2026-05-15,1.989489420623007
2026-05-18,1.9988803992719801
2026-05-19,2.035885246815229
2026-05-20,2.0795312764749516
2026-05-21,2.0212699945906074
2026-05-22,2.043192005227661
2026-05-25,2.1267838462650808
2026-05-26,2.114889619949453
2026-05-27,2.0767092315647786
2026-05-28,2.0900038381244648
2026-05-29,2.0270549399173787
2026-06-01,1.9622400332081071
2026-06-02,1.992249125829887
2026-06-03,2.031624982235474
2026-06-04,2.0439620402846987
2026-06-05,1.979208302305252
2026-06-08,1.9125234899763806
2026-06-09,1.9847223615435414
2026-06-10,1.9718511543736654
2026-06-11,1.9791348974397198
2026-06-12,1.9819400130253664
2026-06-15,2.061532029729459
2026-06-16,2.070272552583494
2026-06-17,2.141471480808072
2026-06-18,2.1892520191320664
2026-06-22,2.244077668475628
2026-06-23,2.1936517669950013
2026-06-24,2.2603290900054493
2026-06-25,2.330750373966364
2026-06-26,2.2835669138746932
2026-06-29,2.2974816750289735
2026-06-30,2.2541913069934343
2026-07-01,2.2905242944518336
2026-07-02,2.313715563042301
2026-07-03,2.337679873919117
2026-07-06,2.3879276225317967
2026-07-07,2.353140719646096
2026-07-08,2.380970241954657
2026-07-09,2.3500485505007003
2026-07-10,2.353913761932445
2026-07-13,2.370147649945772
2026-07-14,2.425806694562894
2026-07-15,2.4621396820212933
2026-07-16,2.4319910328536856
2026-07-17,2.423487567703847
2026-07-20,2.5062030923431813
2026-07-21,2.4776005277482716
2026-07-22,2.514706557493019
2026-07-23,2.53557869922444
2026-07-24,2.491515288902552
2026-07-27,2.498472669479692
2026-07-28,2.498472669479692
2026-07-29,2.5301674032199974
2026-07-30,2.560316052387605
2026-07-31,2.554131714096814
2026-08-03,2.539443910656185
2026-08-04,2.5023378809114374
