d,s
2023-08-07,331.48833781594
2023-08-08,325.27050264002
2023-08-09,327.60219083099
2023-08-10,330.12818637121
2023-08-11,326.24203938626
2023-08-14,323.71604384605
2023-08-15,323.1331217983
2023-08-16,319.4412821626
2023-08-17,323.32742914755
2023-08-18,315.7494425269
2023-08-21,308.94868530325
2023-08-22,309.92022204949
2023-08-23,308.94868530325
2023-08-24,315.94374987615
2023-08-25,310.89175879572
2023-08-28,315.94374987615
2023-08-29,320.02420421035
2023-08-30,316.52667192389
2023-08-31,315.7494425269
2023-09-04,323.91035119529
2023-09-05,319.63558951185
2023-09-06,318.27543806712
2023-09-07,312.4462175897
2023-09-11,314.77790578067
2023-09-12,312.83483228819
2023-09-13,311.08606614497
2023-09-14,310.69745144647
2023-09-15,308.17145590626
2023-09-18,303.31377217508
2023-09-19,303.50807952432
2023-09-20,300.39916193637
2023-09-21,294.3756341097
2023-09-22,304.67392361981
2023-09-25,295.73578555443
2023-09-26,291.46102387099
2023-09-27,293.40409736346
2023-09-28,288.93502833077
2023-09-29,297.48455169766
2023-10-03,292.04394591873
2023-10-04,289.12933568002
2023-10-05,291.26671652174
2023-10-06,296.51301495142
2023-10-09,298.26178109465
2023-10-10,299.42762519013
2023-10-11,302.14792807959
2023-10-12,307.58853385852
2023-10-13,298.0674737454
2023-10-16,292.62686796647
2023-10-17,293.59840471271
2023-10-18,291.46102387099
2023-10-19,282.91150050411
2023-10-20,280.77411966239
2023-10-24,274.94489918497
2023-10-25,279.6082755669
2023-10-26,279.41396821765
2023-10-27,284.46595929809
2023-10-30,286.9919548383
2023-10-31,280.96842701163
2023-11-01,278.83104616991
2023-11-02,280.38550496389
2023-11-03,293.9870194112
2023-11-06,303.70238687357
2023-11-07,299.81623988862
2023-11-08,299.62193253938
2023-11-09,298.0674737454
2023-11-10,294.18132676045
2023-11-13,300.98208398411
2023-11-14,299.03901049163
2023-11-15,313.41775433594
2023-11-16,315.55513517766
2023-11-17,306.22838241379
2023-11-20,317.30390132088
2023-11-21,315.55513517766
2023-11-22,315.16652047916
2023-11-23,319.8298968611
2023-11-24,312.05760289121
2023-11-27,313.61206168518
2023-11-28,310.50314409723
2023-11-29,307.97714855701
2023-11-30,317.69251601938
2023-12-01,309.92022204949
2023-12-04,307.78284120776
2023-12-05,300.01054723787
2023-12-06,302.73085012733
2023-12-07,299.03901049163
2023-12-08,296.90162964991
2023-12-11,298.45608844389
2023-12-12,302.53654277809
2023-12-13,298.26178109465
2023-12-14,297.6788590469
2023-12-15,305.4511530168
2023-12-18,302.73085012733
2023-12-19,302.92515747658
2023-12-20,305.25684566755
2023-12-21,303.70238687357
2023-12-22,266.20106846884
2023-12-27,276.88797267744
2023-12-28,284.66026664733
2023-12-29,285.24318869507
2024-01-02,288.15779893378
2024-01-03,292.04394591873
2024-01-04,290.29517977551
2024-01-05,283.88303725034
2024-01-08,279.80258291615
2024-01-09,275.52782123271
2024-01-10,272.2245962955
2024-01-11,279.21966086841
2024-01-12,280.19119761464
2024-01-15,281.16273436088
2024-01-16,274.36197713722
2024-01-17,266.78399051658
2024-01-18,269.69860075529
2024-01-19,263.48076557937
2024-01-22,254.73693486324
2024-01-23,264.25799497636
2024-01-24,273.77905508948
2024-01-25,282.52288580561
2024-01-26,274.75059183572
2024-01-29,273.97336243873
2024-01-30,266.00676111959
2024-01-31,262.89784353163
2024-02-01,263.86938027787
2024-02-02,271.44736689851
2024-02-05,271.64167424776
2024-02-06,282.52288580561
2024-02-07,283.88303725034
2024-02-08,279.02535351916
2024-02-09,279.02535351916
2024-02-14,281.74565640862
2024-02-15,277.27658737593
2024-02-16,283.49442255185
2024-02-19,276.69366532819
2024-02-20,276.11074328045
2024-02-21,280.57981231314
2024-02-22,283.10580785335
2024-02-23,282.52288580561
2024-02-26,279.02535351916
2024-02-27,276.49935797894
2024-02-28,269.11567870755
2024-02-29,269.30998605679
2024-03-01,269.50429340604
2024-03-04,268.33844931056
2024-03-05,260.56615534066
2024-03-06,266.78399051658
2024-03-07,263.28645823013
2024-03-08,262.31492148389
2024-03-11,270.67013750153
2024-03-12,282.52288580561
2024-03-13,282.32857845636
2024-03-14,280.96842701163
2024-03-15,275.72212858196
2024-03-18,281.55134905938
2024-03-19,276.88797267744
2024-03-20,280.57981231314
2024-03-21,282.91150050411
2024-03-22,280.57981231314
2024-03-25,280.38550496389
2024-03-26,290.87810182325
2024-03-27,293.40409736346
2024-03-28,295.15286350669
2024-04-02,300.39916193637
2024-04-03,299.62193253938
2024-04-05,301.17639133336
2024-04-08,296.70732230067
2024-04-09,296.31870760217
2024-04-10,305.25684566755
2024-04-11,306.03407506454
2024-04-12,300.78777663486
2024-04-15,295.73578555443
2024-04-16,293.20979001422
2024-04-17,292.23825326798
2024-04-18,295.73578555443
2024-04-19,295.15286350669
2024-04-22,311.28037349422
2024-04-23,322.93881444906
2024-04-24,334.40294805465
2024-04-25,329.73957167271
2024-04-26,338.48340238884
2024-04-29,337.70617299185
2024-04-30,337.31755829336
2024-05-02,350.14184334368
2024-05-03,354.02799032863
2024-05-06,359.6629034568
2024-05-07,355.38814177336
2024-05-08,351.11338008992
2024-05-09,359.27428875831
2024-05-10,360.44013285379
2024-05-13,367.43519742669
2024-05-14,370.93272971315
2024-05-16,385.70008825594
2024-05-17,387.07198897636
2024-05-20,387.07198897636
2024-05-21,375.90079739578
2024-05-22,376.68474066459
2024-05-23,374.13692504095
2024-05-24,369.43326542807
2024-05-27,369.82523706248
2024-05-28,372.56903850333
2024-05-29,363.55369091198
2024-05-30,360.61390365393
2024-05-31,352.5784851486
2024-06-03,367.47340725604
2024-06-04,369.82523706248
2024-06-05,373.15699595494
2024-06-06,373.94093922375
2024-06-07,367.27742143884
2024-06-11,366.29749235282
2024-06-12,363.35770509477
2024-06-13,372.17706686892
2024-06-14,372.17706686892
2024-06-17,373.54896758934
2024-06-18,369.43326542807
2024-06-19,381.19241446027
2024-06-20,379.82051373985
2024-06-21,373.74495340655
2024-06-24,372.76502432053
2024-06-25,374.33291085816
2024-06-26,374.33291085816
2024-06-27,366.88544980443
2024-06-28,364.9255916324
2024-07-02,361.78981855715
2024-07-03,371.78509523451
2024-07-04,374.72488249256
2024-07-05,372.17706686892
2024-07-08,371.0011519657
2024-07-09,373.35298177214
2024-07-10,370.02122287968
2024-07-11,377.076712299
2024-07-12,389.0318471484
2024-07-15,382.36832936349
2024-07-16,370.41319451409
2024-07-17,364.33763418079
2024-07-18,361.78981855715
2024-07-19,356.69418730987
2024-07-22,365.70953490121
2024-07-23,358.8500312991
2024-07-24,355.91024404105
2024-07-25,344.15109500886
2024-07-26,347.28686808411
2024-07-29,351.01059861097
2024-07-30,346.5029248153
2024-07-31,354.93031495504
2024-08-01,358.26207384749
2024-08-02,351.01059861097
2024-08-05,349.44271207335
2024-08-06,347.28686808411
2024-08-07,356.10622985826
2024-08-08,360.80988947113
2024-08-09,362.57376182596
2024-08-12,367.47340725604
2024-08-13,371.0011519657
2024-08-14,366.29749235282
2024-08-15,361.00587528834
2024-08-16,365.1215774496
2024-08-19,365.1215774496
2024-08-20,362.96573346037
2024-08-21,364.14164836359
2024-08-22,370.21720869689
2024-08-23,368.06136470765
2024-08-26,374.33291085816
2024-08-27,374.13692504095
2024-08-28,366.68946398723
2024-08-29,370.02122287968
2024-08-30,374.33291085816
2024-09-02,370.21720869689
2024-09-03,370.60918033129
2024-09-04,365.31756326681
2024-09-05,365.90552071842
2024-09-09,363.74967672918
2024-09-10,361.20186110554
2024-09-11,362.76974764317
2024-09-12,365.1215774496
2024-09-13,367.27742143884
2024-09-16,370.21720869689
2024-09-17,372.37305268612
2024-09-19,380.99642864306
2024-09-20,380.80044282586
2024-09-23,379.82051373985
2024-09-24,394.12747839568
2024-09-25,397.26325147093
2024-09-26,421.36950698693
2024-09-27,429.01295385785
2024-09-30,435.67647164276
2024-10-02,460.56667042757
2024-10-03,456.84293990071
2024-10-04,468.0141314813
2024-10-07,468.79807475011
2024-10-08,429.79689712667
2024-10-09,425.4852091482
2024-10-10,429.99288294387
2024-10-14,427.24908150303
2024-10-15,408.63042886872
2024-10-16,407.4545139655
2024-10-17,404.31874089025
2024-10-18,422.15345025574
2024-10-21,412.55014521278
2024-10-22,413.13810266439
2024-10-23,419.6056346321
2024-10-24,413.5300742988
2024-10-25,412.55014521278
2024-10-28,408.82641468592
2024-10-29,410.00232958914
2024-10-30,402.75085435262
2024-10-31,396.47930820212
2024-11-01,410.78627285795
2024-11-04,410.59028704075
2024-11-05,419.21366299769
2024-11-06,411.37423030956
2024-11-07,419.8016204493
2024-11-08,412.35415939558
2024-11-11,404.90669834186
2024-11-12,395.69536493331
2024-11-13,395.69536493331
2024-11-14,395.3033932989
2024-11-15,392.95156349246
2024-11-18,396.08733656771
2024-11-19,398.04719473975
2024-11-20,402.55486853542
2024-11-21,399.41909546017
2024-11-22,392.55959185806
2024-11-25,387.26797479357
2024-11-26,385.89607407315
2024-11-27,394.71543584729
2024-11-28,391.97163440645
2024-11-29,390.01177623441
2024-12-02,391.77564858924
2024-12-03,396.28332238492
2024-12-04,395.1074074817
2024-12-05,397.06726565373
2024-12-06,404.31874089025
2024-12-09,410.39430122355
2024-12-10,402.94684016983
2024-12-11,401.5749394494
2024-12-12,407.2585281483
2024-12-13,401.5749394494
2024-12-16,397.45923728814
2024-12-17,394.51945003009
2024-12-18,397.85120892254
2024-12-19,406.86655651389
2024-12-20,417.84176227727
2024-12-23,411.76620194397
2024-12-24,411.57021612677
2024-12-27,409.02240050313
2024-12-30,410.59028704075
2024-12-31,408.63042886872
2025-01-02,407.6504997827
2025-01-03,405.88662742787
2025-01-06,401.182967815
2025-01-07,371.98108105172
2025-01-08,361.78981855715
2025-01-09,365.90552071842
2025-01-10,362.18179019156
2025-01-13,358.6540454819
2025-01-14,367.47340725604
2025-01-15,372.37305268612
2025-01-16,374.72488249256
2025-01-17,372.17706686892
2025-01-20,381.97635772908
2025-01-21,379.62452792264
2025-01-22,375.70481157858
2025-01-23,373.54896758934
2025-01-24,382.76030099789
2025-01-27,387.65994642797
2025-01-28,393.14754930966
2025-02-03,396.08733656771
2025-02-04,412.35415939558
2025-02-05,409.41437213753
2025-02-06,411.96218776117
2025-02-07,419.6056346321
2025-02-10,428.22901058904
2025-02-11,418.82169136329
2025-02-12,435.28450000836
2025-02-13,433.12865601912
2025-02-14,465.27033004045
2025-02-17,483.69299685755
2025-02-18,493.39429480911
2025-02-19,487.80869901882
2025-02-20,477.02947907264
2025-02-21,506.62333747033
2025-02-24,487.22074156721
2025-02-25,475.06962090061
2025-02-26,491.43443663708
2025-02-27,485.45686921238
2025-02-28,468.99406056731
2025-03-03,473.50173436299
2025-03-04,481.14518123391
2025-03-05,495.35415298115
2025-03-06,533.08142279277
2025-03-07,522.7921673896
2025-03-10,506.13337292732
2025-03-11,507.11330201334
2025-03-12,501.72369204025
2025-03-13,497.31401115318
2025-03-14,511.0330183574
2025-03-17,513.97280561545
2025-03-18,530.14163553472
2025-03-19,529.1617064487
2025-03-20,509.07316018537
2025-03-21,501.23372749724
2025-03-24,502.70362112627
2025-03-25,491.92440118009
2025-03-26,496.33408206716
2025-03-27,498.7839047822
2025-03-28,499.27386932521
2025-03-31,487.02475575001
2025-04-01,493.88425935212
2025-04-02,493.88425935212
2025-04-03,487.80869901882
2025-04-07,426.66112405142
2025-04-08,431.5607694815
2025-04-09,432.34471275031
2025-04-10,435.87245745997
2025-04-11,434.50055673954
2025-04-14,444.88780505132
2025-04-15,446.84766322335
2025-04-16,439.00823053522
2025-04-17,448.80752139538
2025-04-22,451.15935120182
2025-04-23,464.68237258884
2025-04-24,461.54659951359
2025-04-25,468.60208893291
2025-04-28,468.60208893291
2025-04-29,463.50645768562
2025-04-30,467.62215984689
2025-05-02,478.00940815866
2025-05-06,485.45686921238
2025-05-07,479.96926633069
2025-05-08,488.00468483602
2025-05-09,484.67292594357
2025-05-12,507.11330201334
2025-05-13,495.84411752415
2025-05-14,510.5430538144
2025-05-15,509.56312472838
2025-05-16,502.1495002173
2025-05-19,508.08039982616
2025-05-20,511.0458496306
2025-05-21,514.5055410691
2025-05-22,510.55160799652
2025-05-23,512.03433289874
2025-05-26,504.12646675359
2025-05-27,506.10343328987
2025-05-28,500.17253368101
2025-05-29,504.62070838766
2025-05-30,492.46236418948
2025-06-02,492.66006084311
2025-06-03,499.18405041286
2025-06-04,506.10343328987
2025-06-05,509.06888309431
2025-06-06,509.06888309431
2025-06-09,512.03433289874
2025-06-10,507.58615819209
2025-06-11,512.03433289874
2025-06-12,504.12646675359
2025-06-13,504.12646675359
2025-06-16,503.63222511951
2025-06-17,507.58615819209
2025-06-18,502.1495002173
2025-06-19,492.26466753585
2025-06-20,499.67829204694
2025-06-23,498.19556714472
2025-06-24,503.63222511951
2025-06-25,506.59767492395
2025-06-26,507.09191655802
2025-06-27,507.09191655802
2025-06-30,497.20708387658
2025-07-02,495.72435897436
2025-07-03,495.23011734029
2025-07-04,491.07848761408
2025-07-07,496.21860060843
2025-07-08,498.68980877879
2025-07-09,491.8692742286
2025-07-10,490.88079096045
2025-07-11,490.88079096045
2025-07-14,494.24163407214
2025-07-15,511.54009126467
2025-07-16,510.55160799652
2025-07-17,511.0458496306
2025-07-18,513.02281616688
2025-07-21,515.49402433724
2025-07-22,519.94219904389
2025-07-23,545.64276401565
2025-07-24,550.58518035637
2025-07-25,544.16003911343
2025-07-28,549.10245545415
2025-07-29,548.60821382008
2025-07-30,542.67731421121
2025-07-31,543.66579747936
2025-08-01,528.83854845719
2025-08-04,543.66579747936
2025-08-05,552.56214689266
2025-08-06,561.95273794003
2025-08-07,560.47001303781
2025-08-08,554.53911342894
2025-08-11,554.53911342894
2025-08-12,553.05638852673
2025-08-13,579.25119513255
2025-08-14,583.20512820513
2025-08-15,585.18209474142
2025-08-18,580.2396784007
2025-08-19,585.67633637549
2025-08-20,583.6993698392
2025-08-21,586.17057800956
2025-08-22,593.08996088657
2025-08-25,607.42296827466
2025-08-26,602.48055193394
2025-08-27,592.10147761843
2025-08-28,587.15906127771
2025-08-29,589.63026944807
2025-09-01,598.03237722729
2025-09-02,593.58420252064
2025-09-03,591.60723598435
2025-09-04,585.67633637549
2025-09-05,598.52661886136
2025-09-08,610.3884180791
2025-09-09,619.77900912647
2025-09-10,626.2041503694
2025-09-11,622.25021729683
2025-09-12,636.08898305085
2025-09-15,636.08898305085
2025-09-16,637.57170795306
2025-09-17,653.88168187744
2025-09-18,634.60625814863
2025-09-19,635.1004997827
2025-09-22,633.61777488049
2025-09-23,628.18111690569
2025-09-24,641.03139939157
2025-09-25,642.51412429379
2025-09-26,636.58322468492
2025-09-29,652.39895697523
2025-09-30,655.36440677966
2025-10-02,668.70893089961
2025-10-03,665.74348109518
2025-10-06,669.69741416775
2025-10-08,667.22620599739
2025-10-09,667.72044763146
2025-10-10,643.996849196
2025-10-13,631.6408083442
2025-10-14,613.8481095176
2025-10-15,619.77900912647
2025-10-16,612.85962624946
2025-10-17,600.99782703173
2025-10-20,620.27325076054
2025-10-21,623.23870056497
2025-10-22,616.31931768796
2025-10-23,625.70990873533
2025-10-24,630.15808344198
2025-10-27,648.44502390265
2025-10-28,637.57170795306
2025-10-30,643.50260756193
2025-10-31,621.75597566276
2025-11-03,620.76749239461
2025-11-04,621.75597566276
2025-11-05,621.75597566276
2025-11-06,636.58322468492
2025-11-07,626.69839200348
2025-11-10,642.01988265971
2025-11-11,642.51412429379
2025-11-12,649.4335071708
2025-11-13,648.44502390265
2025-11-14,633.61777488049
2025-11-17,629.16960017384
2025-11-18,616.31931768796
2025-11-19,615.33083441982
2025-11-20,613.8481095176
2025-11-21,602.97479356801
2025-11-24,617.30780095611
2025-11-25,617.80204259018
2025-11-26,612.36538461538
2025-11-27,604.45751847023
2025-11-28,604.45751847023
2025-12-01,612.36538461538
2025-12-02,609.89417644502
2025-12-03,603.96327683616
2025-12-04,604.9517601043
2025-12-05,602.97479356801
2025-12-08,598.03237722729
2025-12-09,595.56116905693
2025-12-10,596.055410691
2025-12-11,594.57268578879
2025-12-12,608.90569317688
2025-12-15,596.055410691
2025-12-16,589.63026944807
2025-12-17,598.03237722729
2025-12-18,598.03237722729
2025-12-19,606.92872664059
2025-12-22,607.42296827466
2025-12-23,595.06692742286
2025-12-24,596.055410691
2025-12-29,589.63026944807
2025-12-30,593.08996088657
2025-12-31,592.10147761843
2026-01-02,615.82507605389
2026-01-05,617.30780095611
2026-01-06,625.21566710126
2026-01-07,617.30780095611
2026-01-08,608.90569317688
2026-01-09,603.96327683616
2026-01-12,615.82507605389
2026-01-13,620.27325076054
2026-01-14,625.70990873533
2026-01-15,614.83659278575
2026-01-16,610.3884180791
2026-01-19,602.97479356801
2026-01-20,594.07844415472
2026-01-21,595.56116905693
2026-01-22,590.61875271621
2026-01-23,588.14754454585
2026-01-26,592.5957192525
2026-01-27,600.00934376358
2026-01-28,613.8481095176
2026-01-29,614.83659278575
2026-01-30,599.02086049544
2026-02-02,591.60723598435
2026-02-03,574.30877879183
2026-02-04,551.57366362451
2026-02-05,552.06790525858
2026-02-06,541.194589309
2026-02-09,553.5506301608
2026-02-10,544.6542807475
2026-02-11,541.68883094307
2026-02-12,529.33279009126
2026-02-13,525.87309865276
2026-02-16,526.8615819209
2026-02-20,515.98826597132
2026-02-23,531.80399826163
2026-02-24,514.01129943503
2026-02-25,516.48250760539
2026-02-26,506.10343328987
2026-02-27,512.03433289874
2026-03-02,508.08039982616
2026-03-03,504.62070838766
2026-03-04,500.17253368101
2026-03-05,496.21860060843
2026-03-06,513.02281616688
2026-03-09,510.05736636245
2026-03-10,547.12548891786
2026-03-11,545.64276401565
2026-03-12,540.20610604085
2026-03-13,541.194589309
2026-03-16,552.06790525858
2026-03-17,543.66579747936
2026-03-18,544.16003911343
2026-03-19,507.09191655802
2026-03-20,502.1495002173
2026-03-23,492.66006084311
2026-03-24,508.08039982616
2026-03-25,499.67829204694
2026-03-26,489.89230769231
2026-03-27,487.71764450239
2026-03-30,476.05354193829
2026-03-31,478.42590178183
2026-04-01,490.88079096045
2026-04-02,483.56601477618
2026-04-08,502.1495002173
2026-04-09,502.64374185137
2026-04-10,498.68980877879
2026-04-13,484.3568013907
2026-04-14,487.51994784876
2026-04-15,493.253150804
2026-04-16,511.0458496306
2026-04-17,504.62070838766
2026-04-20,516.48250760539
2026-04-21,513.02281616688
2026-04-22,498.19556714472
2026-04-23,489.49691438505
2026-04-24,487.71764450239
2026-04-27,473.08809213385
2026-04-28,468.34337244676
2026-04-29,473.68118209474
2026-04-30,462.4124728379
2026-05-04,467.55258583225
2026-05-05,466.76179921773
2026-05-06,457.6677531508
2026-05-07,471.90191221208
2026-05-08,465.97101260322
2026-05-11,459.05162972621
2026-05-12,451.93455019557
2026-05-13,457.27235984355
2026-05-14,454.9
2026-05-15,456.4
2026-05-18,449.2
2026-05-19,460.0
2026-05-20,455.2
2026-05-21,439.0
2026-05-22,441.4
2026-05-26,439.0
2026-05-27,434.4
2026-05-28,425.0
2026-05-29,427.2
2026-06-01,436.0
2026-06-02,481.6
2026-06-03,466.4
2026-06-04,459.0
2026-06-05,453.2
2026-06-08,446.4
2026-06-09,453.2
2026-06-10,465.6
2026-06-11,457.2
2026-06-12,463.6
2026-06-15,459.6
2026-06-16,447.4
2026-06-17,445.4
2026-06-18,440.2
2026-06-22,433.0
2026-06-23,414.8
2026-06-24,428.8
2026-06-25,421.4
2026-06-26,411.8
2026-06-29,420.2
2026-06-30,429.8
2026-07-02,430.2
2026-07-03,431.2
2026-07-06,452.0
2026-07-07,461.2
2026-07-08,478.8
2026-07-09,469.6
2026-07-10,460.2
2026-07-13,457.6
2026-07-14,456.2
2026-07-15,474.0
2026-07-16,484.0
2026-07-17,461.6
2026-07-20,477.8
2026-07-21,474.0
2026-07-22,440.6
2026-07-23,445.2
2026-07-24,434.6
2026-07-27,443.0
2026-07-28,447.2
2026-07-29,466.4
2026-07-30,471.8
2026-07-31,475.2
2026-08-03,490.4
2026-08-04,487.6
